Title,URL
Kalavantin Durg Trekking: A Majestic Adventure in the Sahyadris,https://trekguru.online/kalavantin-durg-trekking.html
Trekking to Harihar Fort: A Complete Guide,https://trekguru.online/harihar-fort-trekking.html
Raigad Trekking: Your Ultimate Guide,https://trekguru.online/raigad-fort-trekking.html
Harishchandragad Fort Trekking: A Comprehensive Guide,https://trekguru.online/harishchandragad-trekking.html
Lohgad Trekking: An Adventurous Journey into History and Nature,https://trekguru.online/lohgad-fort-trekking.html
Exploring Torana Fort: A Trekking Adventure Like No Other,https://trekguru.online/torana-fort-trekking.html
Pratapgad Trekking Guide: | Routes Tips & FAQs,https://trekguru.online/pratapgad-fort-trekking.html
Rajgad Fort Trekking Guide: Routes History and Tips,https://trekguru.online/rajgad-fort-trekking.html
Tung Fort Trekking Guide: History Routes & Tips,https://trekguru.online/tung-fort-trekking.html
Discovering Janjira Fort:A Historical Marvel in Arabian Sea,https://trekguru.online/janjira-fort-trekking.html
Vishalgad Fort Trekking : Rich History and Natural Beauty,https://trekguru.online/vishalgad-fort-trekking.html
